Model,Spearman,Pearson,Kendall,N
esm2_t33_650M_UR50D,0.5888858016115589,0.5431052070424426,0.41468926553672314,60
esm2_t48_15B_UR50D,0.4527924423450959,0.4816986192908314,0.3333333333333333,60
esm2_t36_3B_UR50D,0.43701028063350944,0.4738765608980096,0.319774011299435,60
VenusREM,0.28280077799388725,0.23466331585536612,0.21355932203389827,60
esm1v_t33_650M_UR90S,0.24034454015004172,0.2794545528458242,0.1807909604519774,60
ProSST-2048,0.21494859683245351,0.17741263303331578,0.17288135593220338,60
