CombinedMutation,MutationA,MutationB,CombinedLabel,MutationALabel,MutationBLabel,epistasis,CombinedMutationPred,MutationAPred,MutationBPred,epistasisPred
"I283M,I532M",I283M,I532M,2015.06333333333,16.5296137339053,-113.224892703863,2111.758612303288,0.7874535,0.5573298,0.14466919,0.08545451
"L393S,K543E",K543E,L393S,-334.224892703863,17.88710729614,-104.10189270386,-248.01010729614305,-0.2577059,-0.35551772,0.112542585,-0.014730766
"I45L,F109K",F109K,I45L,1002.10510729614,495.450643776824,686.654077253218,-179.99961373390204,0.5625917,0.1838042,0.35091284,0.027874619
"F109R,N414D",F109R,N414D,769.28800729614,573.390557939914,417.89810729614,-222.000657939914,0.39608985,0.2500076,0.11714368,0.02893857
"N396G,F528L",F528L,N396G,491.07103729614,-241.224892703863,621.526180257511,110.76974974249195,0.89287955,0.017707415,0.8146072,0.060564935
"I45L,N414D",I45L,N414D,901.55150729614,686.654077253218,417.89810729614,-203.000677253218,0.4933929,0.35091284,0.11714368,0.025336392
"I45L,F528L",F528L,I45L,562.21890729614,-241.224892703863,686.654077253218,116.78972274678496,0.45024315,0.017707415,0.35091284,0.0816229
"I45L,F109R,N414D",I45L,"F109R,N414D",577.94210729614,686.654077253218,769.28800729614,-877.999977253218,0.7678867,0.35091284,0.39608985,0.020884007
"I45L,F109R,N414D",F109R,"I45L,N414D",577.94210729614,573.390557939914,901.55150729614,-896.999957939914,0.7678867,0.2500076,0.4933929,0.024486214
"I45L,N396G,F528L",N396G,"I45L,F528L",1273.95510729614,621.526180257511,562.21890729614,90.21001974248918,1.3402796,0.8146072,0.45024315,0.07542923
"I158L,K425E,K510E",I158L,"K425E,K510E",1158.72110729614,502.945922746781,585.775107296137,70.000077253222,0.027030043,0.19429946,-0.20566267,0.03839326
