mut_name,label,pred
"I283M,I532M",1.8182299,0.7874535
"N396K,V497E,S531A,D544G",1.4222105,1.1147095
"M317K,E330V,D487G",1.2358065,0.325868
"D39G,M317K,E330V",1.0233928,0.53764856
"I283M,N414S",1.8045093,1.048312
"N396K,K425E,L449S",1.014497,1.0347284
"N414S,I532M",1.9426996,0.63634115
"F109R,N237D,E330V,S531A",1.0102789,0.39749226
"I166V,N396K,K425E",1.0074276,0.78984743
"F109R,I166N,N396K",0.9904844,0.83004403
"F109R,E330V,E364G",0.96055704,-0.009416901
"I45S,I166T,K425E",0.93284476,0.5304414
"F109K,M317K,V497E",0.34418845,0.24662681
"F109R,K425E,L449S",0.91928905,0.5577342
"S261G,M317K,D487G",0.89382726,0.15055782
"I270L,N396G,K425E,I540T",0.8886724,1.1555661
"N396G,K425E",0.7630422,0.7532429
"F109R,N396K,L413H",0.7497104,1.2672971
"T2I,F109K,M317K",0.7030519,0.19037357
"F109K,E189G,I453V",1.1706673,0.36143398
"F109R,N396K",0.6956938,1.0192293
"F109R,I251T,M317K,E330V",0.3892327,0.834682
"N414S,K543S",0.36915544,0.3921677
"N396K,K425E",0.032148372,0.67492104
"F109K,N396K",0.34457728,0.97690964
"I270L,K425E,D487G,I540T",0.29159167,0.4842231
"F109K,I270L,N396K,I540T",-0.18589146,1.41128
"D12G,M317K,N396K,I523V",-0.22883843,0.8446089
"I45S,K425E",-0.25063005,0.41574886
"N414S,T422S",-0.26020917,0.3815227
"F109K,V184G,E330V,I504L",-0.33426178,0.069667816
"M317K,N396K,R546G",0.07860651,0.79223055
"F109K,V245G,E364G,S531A",-0.346704,0.057802472
"I166T,K425E,A550E",-0.37310845,4.1981228e-05
"F109R,I166V,R546G",-0.39988402,0.31371248
"F109R,K425E",-0.42159906,0.1813856
"I166V,K425E,R546G",-0.4552379,0.032436997
"F109K,E275D,I453V",-0.8793525,0.14566483
"F109K,K425E",-0.974855,0.11285888
"V7D,Q129L,M317K,S531A",-1.0264444,-0.46263227
"E189G,M317K,N396G,P462R",-1.0391989,0.22644228
"F109R,D487G,V493A,V497E",-1.0867528,0.058910303
"F109R,A550E",-1.0880312,0.2776902
"F109L,Q129L,N396K",-1.099254,0.61463
"K425E,A550E",-1.1285098,-0.029745173
"I270L,K425E,I540T,A550E",-1.1490053,0.31868765
"F109R,R546G",-1.1872805,0.18318607
"I270L,K425E,I540T,R546G",-1.2216617,0.30094635
"E189G,E275D,N406D,S531A",-1.2417154,-1.0323946
"K425E,R546G",-1.2656337,-0.12501843
"S261G,M382V",-1.4326085,-0.15211579
"L137P,S261G",-1.5499085,-0.11052864
"R25G,M382V",-1.5535433,-0.2729848
"L137P,M382V",-1.616273,-0.062331006
