Model,Spearman,Pearson,Kendall,N
ProSST-2048,0.020926243567752998,0.03470634897006625,0.02725366876310272,54
VenusREM,0.0064417762530970075,0.021215896636687603,0.017470300489168412,54
esm2_t36_3B_UR50D,-0.06445587955021916,-0.06002901997195578,-0.045422781271837874,54
esm2_t48_15B_UR50D,-0.10211549456832474,-0.04868111994834047,-0.0691823899371069,54
esm1v_t33_650M_UR90S,-0.12872117400419283,-0.07664573618797078,-0.08595387840670858,54
esm2_t33_650M_UR50D,-0.1464074709357728,-0.12369302952415312,-0.0957372466806429,54
