CombinedMutation,MutationA,MutationB,CombinedLabel,MutationALabel,MutationBLabel,epistasis
"K280E,A307K",A307K,K280E,1687.31,1764.0,480.0,-556.69
"K66E,L71H",K66E,L71H,18.7733333333299,480.0,370.0,-831.2266666666701
"K54R,K66R",K54R,K66R,600.0,649.96666666667,250.0,-299.96666666667
"H256E,K280E",H256E,K280E,516.0,371.0,480.0,-335.0
"K66E,N389D",K66E,N389D,50.0,480.0,174.96666666667,-604.96666666667
"K66R,K145R",K66R,K145R,749.96666666667,250.0,350.0,149.96666666667
"S292H,A307K",A307K,S292H,1670.96666666667,1764.0,-100.0,6.966666666670108
"D60L,S292H",D60L,S292H,340.96666666667,899.0,-100.0,-458.03333333333
"T131E,S281T",S281T,T131E,396.96666666667,19.9666666666701,312.96666666667,64.03333333332989
"K54R,K280E,A307K",K54R,"K280E,A307K",1778.53333333333,649.96666666667,1687.31,-558.7433333333402
"K280E,S292T,A307K",K280E,"S292T,A307K",1730.12,480.0,1590.06,-339.94000000000005
"D60L,K280E,A307K",D60L,"K280E,A307K",1659.12666666667,899.0,1687.31,-927.18333333333
"V1I,K280E,A307K",V1I,"K280E,A307K",1630.23,900.0,1687.31,-957.08
"K280E,S292H,A307K",S292H,"K280E,A307K",1780.74666666667,-100.0,1687.31,193.4366666666701
"K280E,S292H,A307K",K280E,"S292H,A307K",1780.74666666667,480.0,1670.96666666667,-370.22
"D60A,K65E,A307K",A307K,"D60A,K65E",1595.91333333333,1764.0,887.1800000000001,-1055.26666666667
"K65E,K66R,A307K",K66R,"K65E,A307K",1504.09333333333,250.0,1775.59,-521.4966666666699
"D60R,K65E,A307K",D60R,"K65E,A307K",1501.14333333333,1304.0,1775.59,-1578.44666666667
"D60R,K65E,A307K",A307K,"D60R,K65E",1501.14333333333,1764.0,589.9000000000001,-852.7566666666701
"K65E,K66R,S207N",K66R,"K65E,S207N",463.9300000000001,250.0,1236.56666666667,-1022.63666666667
"D60A,K65E,K66R",K66R,"D60A,K65E",440.1099999999999,250.0,887.1800000000001,-697.0700000000002
"D60R,K65E,K66R",K66R,"D60R,K65E",473.7833333333299,250.0,589.9000000000001,-366.1166666666702
"K66E,T131E,S275A",K66E,"T131E,S275A",892.96666666667,480.0,345.96666666667,67.0
"K66E,T131E,S275A",T131E,"K66E,S275A",892.96666666667,312.96666666667,512.96666666667,67.03333333333
"A24T,T201N",A24T,T201N,760.0,342.0,398.0,20.0
