mut_name,label,pred
"K54R,K280E,A307K",1.5414516,1.2666373
"K280E,S292T,A307K",1.4726555,1.2357036
"K280E,A307K",1.4118218,0.96512854
"D60A,K280E,A307K",1.5279566,0.8749227
"K66R,K280E,A307K",1.3833969,1.2907443
"D60L,K280E,A307K",1.371773,1.1449654
"V1I,K280E,A307K",1.3307104,0.6530116
"K280E,S292H,A307K",1.5445967,1.3174251
"K65E,A307K",1.537269,0.8358533
"K65E,S207N,A307K",1.3157613,1.1213684
"D60A,K65E,A307K",1.281946,0.7541017
"S292T,A307K",1.2736282,0.8725746
"K65E,K66R,A307K",1.1514684,1.1648494
"K65E,K66R,A307K,L342H",1.1509805,1.134279
"D60R,K65E,A307K",1.1472764,0.94008654
"K65E,I228T,K233R,A307K",1.1062801,0.85859865
"K65E,L342H",0.99868566,0.16135016
"K65E,A307R",0.9355974,0.50417894
"K65E,S207N",0.7713092,0.5025084
"K65E,S207N,L342H",0.7114845,0.42458776
"A307K,L342H",0.70301527,0.5825978
"D60L,A307K",1.1834034,0.7989782
"D60A,K65E",0.2748258,0.1787707
"D60L,K66R,A307K",-0.030365415,1.1309395
"K54R,D60R,K65E,K66R",-0.13816829,1.0303736
"D60L,S207N,A307K",-0.13845249,1.0293725
"K65E,K66R,L342H",0.0861388,0.49678284
"D60R,K65E",-0.1476133,0.3447177
"K65E,K66R,S207N",-0.32661846,0.8218162
"D60A,K65E,K66R",-0.36046702,0.50274765
"D60A,K65E,K66R,K233R",-0.43019617,0.7211771
"L71H,A307K",-0.43272084,0.25792944
"D60R,K65E,K66R",-0.31261674,0.6868521
"D60L,S207I,A307K",-0.43958434,0.7896345
"K65E,K66R,I228T,L342H",-0.5269199,0.33314928
"K65E,K66R,S292F,L342H",-0.53986055,0.7432004
"D60R,K65E,K66R,A307R",-0.54032004,1.0271083
"K65E,K66R,I228T,K233R",-0.553095,0.587218
"K65E,K66R,S207N,I228T",-0.56140316,0.7025696
"K66E,K280E",-0.5754996,0.7790517
"D60A,K65E,K66R,I228T",-0.5972885,0.31034717
"D60L,S207I,A307R",-0.83331424,0.48738456
"G167D,A307K",-0.86907643,0.33445656
"L71H,R155G,V278A,K280E",-0.93653667,-0.46183494
"D60L,M158V",-0.948999,-0.09541711
"K66E,L71H",-0.9591924,-0.00424082
"V1I,K66E,V127A,K280E",-0.9625744,0.19313616
"D60L,L90F,E115G,M158V",-1.0373056,-0.030552123
"V1I,R155G,G167D,A307K",-1.0652001,-0.11752522
"A307K,F343L",-1.085639,0.21703404
"D60L,F343L",-1.1664047,-0.19067702
"S132G,A183G",-1.1664473,0.43557623
"K66E,A108E,P227H,A307K",-1.1671436,0.8894591
"D60A,K233R,A307R,F343L",-1.1741018,0.11878507
"D60R,F343L",-1.1886199,-0.22234368
"D60L,N295S,M336I,F343L",-1.1908271,-0.8394623
"A183G,I222T",-1.1996043,-0.08322202
"A220V,A307R,F343L,E362G",-1.2010869,-0.06676157
"P15A,D60A,K174E,F343L",-1.2041894,-0.2763088
"D60R,K66E,F214L,F343L",-1.20598,-0.3469826
